id	genetype
rs717620	C/C
rs1801157	C/T
rs3824662	C/C
rs10882272	T/C
rs11225308	T/G
rs35744813	T/C
rs526934	A/A
rs1815739	C/C
rs4988321	G/G
rs3829251	G/A
rs2155219	T/T
rs20417	C/C
rs12746200	A/A
rs1800896	T/T
rs17021408	T/T
rs80223967	A/A
rs1891059	G/G
rs4654748	C/C
rs757343	C/C
rs2228570	A/A
rs1059513	T/T
rs41281112	C/C
rs1998359	C/G
rs7142143	T/T
rs11549465	C/C
rs1799722	C/T
rs17228058	A/G
rs3785143	C/C
rs1137101	A/G
rs12934922	A/T
rs7501331	C/C
rs4673	G/G
rs17608059	C/T
rs1667255	A/A
rs1805034	T/T
rs1064395	G/G
rs12979860	C/C
rs8099917	T/T
rs4420638	A/A
rs363050	G/G
rs2228246	A/A
rs1570669	G/G
rs117532069	G/G
rs79085477	C/C
rs363449	C/C
rs4988235	G/G
rs12612420	G/G
rs4553808	A/A
rs2253206	G/G
rs2952768	T/T
rs4680	G/A
rs133885	G/A
rs10929303	C/C
rs1042640	C/C
rs8330	C/C
rs855791	A/G
rs11126936	G/G
rs13068893	C/C
rs9854612	G/A
rs9865818	A/G
rs9860547	G/A
rs4148254	C/T
rs17388568	G/G
rs17454584	A/A
rs8192678	C/T
rs13146789	G/G
rs2101521	G/G
rs17616434	T/T
rs1801260	A/A
rs17467825	A/A
rs4588	G/G
rs17513503	C/C
rs10056340	T/T
rs33972313	C/C
rs17278234	T/T
rs1042713	A/A
rs17070145	T/T
rs639174	T/T
rs7720838	G/T
rs2789047	C/A
rs1799971	G/G
rs2143340	A/A
rs1799945	C/C
rs1800562	G/G
rs9274407	T/T
rs2267668	A/A
rs3957357	G/G
rs1045642	G/G
rs2032582	C/C
rs2229109	C/C
rs9282564	T/T
rs2242480	C/T
rs35599367	G/G
rs4410871	C/C
rs1041983	C/C
rs1799930	G/G
rs285	T/T
rs4950	G/A
rs141059755	A/A
rs12722	C/T
rs7032572	A/A
rs7032430	C/C
