rs717620	C/C
rs2273697	G/G
rs17222723	T/T
rs3740066	C/C
rs3740065	A/G
rs8187710	G/G
rs12762549	NA
rs11598702	NA
rs7903146	C/C
rs12415607	C/C
rs7921977	T/T
rs2227310	C/C
rs4353229	T/T
rs1127687	A/A
rs3740556	G/G
rs10490924	G/T
rs11200638	NA
rs2070673	NA
rs6413432	T/T
rs2070676	G/C
rs2515641	T/C
rs1801157	C/T
rs1901633	NA
rs1937840	C/C
rs62621365	C/C
rs11253043	G/G
rs10994982	G/G
rs10821936	NA
rs4948496	NA
rs4148943	C/C
rs4148945	C/C
rs4148947	NA
rs4148950	NA
rs1871450	NA
rs730720	C/C
rs12418	G/G
rs10509373	NA
rs2289310	G/T
rs3824662	NA
rs2299939	NA
rs17431184	NA
rs12248560	NA
rs4244285	G/A
rs1799853	C/C
rs117458836	G/G
rs1934951	C/T
rs10509681	T/T
rs1113129	NA
rs11572103	T/T
rs11572080	C/C
rs2784917	NA
rs716274	NA
rs7937567	NA
rs118088833	C/C
rs11023197	G/G
rs10741657	NA
rs2898950	A/C
rs1561876	G/G
rs11030918	NA
rs12806698	C/C
rs2284449	T/T
rs232043	NA
rs720106	T/T
rs183484	C/A
rs9937	A/G
rs1042858	G/A
rs1042919	A/T
rs1042927	A/A
rs61886492	G/G
rs11231809	NA
rs11231825	T/C
rs1695	A/A
rs1138272	C/C
rs9344	G/G
rs61734430	C/C
rs11226	NA
rs2302489	A/T
rs7301582	C/C
rs149212925	A/A
rs12819210	C/C
rs2010851	A/A
rs4149117	G/G
rs7311358	A/A
rs11045585	NA
rs4149015	NA
rs10841753	NA
rs2306283	A/G
rs4149056	T/C
rs2291075	C/T
rs11045821	G/G
rs11045872	NA
rs4149081	G/A
rs11045879	NA
rs3764043	NA
rs61764370	NA
rs10771973	G/G
rs1705772	NA
rs2228570	G/G
rs10877012	T/T
rs3763980	A/T
rs17109924	T/T
rs310786	NA
rs6539870	NA
rs7992226	NA
rs2301159	NA
rs3759467	NA
rs1933437	G/A
rs7325568	NA
rs144991623	NA
rs7984870	G/C
rs116855232	C/C
rs1801249	G/G
rs1061472	C/C
rs9516519	NA
rs9561765	NA
rs9561778	G/G
rs16950650	NA
rs3765534	C/C
rs7317112	NA
rs861539	G/G
rs2498804	C/A
rs1130214	NA
rs2494752	NA
rs4982133	C/C
rs7142143	NA
rs11549465	C/C
rs4986938	C/C
rs944050	T/T
rs10140457	A/A
rs2236225	G/A
rs11623866	NA
rs77769901	NA
rs11854484	C/C
rs1060896	C/C
rs934635	NA
rs16964189	C/C
rs4646	C/C
rs10046	G/A
rs2289105	T/C
rs700518	T/C
rs3759811	T/C
rs727479	A/A
rs2236722	A/A
rs4775936	C/T
rs1062033	C/G
rs1008805	A/A
rs749292	NA
rs6493497	A/A
rs7176005	NA
rs11636687	NA
rs12050587	NA
rs1048943	T/C
rs2472304	G/G
rs2290573	G/G
rs2242046	G/G
rs1703794	NA
rs9597	C/C
rs17501331	NA
rs246240	G/G
rs3784864	NA
rs35592	T/C
rs45511401	G/G
rs2238476	G/G
rs3743527	T/T
rs2238472	C/C
rs7186128	NA
rs7194667	T/T
rs8060157	NA
rs9939609	NA
rs79206939	G/G
rs9936750	C/C
rs11861118	A/A
rs7187684	NA
rs2244613	G/T
rs2244614	G/A
rs3217164	TG/T
rs1800566	G/A
rs875858	C/C
rs4888024	NA
rs4240803	G/G
rs4673	G/G
rs2292954	A/A
rs12960	G/G
rs1979277	G/G
rs1052536	C/T
rs879207	A/A
rs1136201	A/A
rs181501757	G/G
rs9895420	T/T
rs4148416	C/C
rs1051640	A/A
rs4788863	T/C
rs4968187	NA
rs1042522	C/C
rs9906827	NA
rs1135989	G/G
rs2849380	NA
rs183205964	G/G
rs2853539	G/G
rs2847153	NA
rs699517	T/T
rs151264360	T/T
rs2612091	T/T
rs2741171	NA
rs6506569	C/C
rs14158	G/A
rs895819	T/T
rs118129530	NA
rs56022120	C/C
rs117341846	NA
rs117951771	C/C
rs148235907	NA
rs138602176	G/G
rs150688309	C/C
rs79430272	C/C
rs55633228	C/C
rs148013902	C/C
rs145623321	C/C
rs58695150	C/C
rs8110364	G/G
rs12980275	NA
rs8105790	NA
rs4803217	C/C
rs11881222	A/A
rs8103142	T/T
rs28416813	C/C
rs117648444	G/G
rs12979860	C/C
rs8113007	NA
rs8099917	NA
rs7248668	NA
rs10853728	C/C
rs7254579	T/T
rs4802101	NA
rs8192709	C/C
rs12721655	A/A
rs3745274	G/T
rs3211371	C/C
rs1800471	C/C
rs1800470	G/A
rs1800469	A/G
rs25487	C/C
rs13181	T/T
rs1799793	C/C
rs735482	A/C
rs3212986	C/C
rs11615	G/G
rs2298881	C/A
rs2302948	C/C
rs35112940	G/G
rs142244113	NA
rs41412545	C/C
rs3754446	NA
rs17602729	G/G
rs1065634	NA
rs1476413	C/T
rs4846051	A/A
rs1801131	T/T
rs1801133	A/A
rs17421511	G/G
rs9725457	A/A
rs2502815	G/G
rs2501873	NA
rs10538494	T/T
rs75114882	A/G
rs1801274	A/A
rs1056515	T/T
rs3917412	NA
rs5275	NA
rs800292	A/A
rs1061170	T/T
rs1563828	NA
rs1800896	T/T
rs532545	C/T
rs602950	A/G
rs3215400	T/T
rs2072671	A/C
rs60369023	G/G
rs1048977	C/T
rs10916852	G/G
rs17021408	T/T
rs80223967	NA
rs1891059	G/G
rs1051740	T/C
rs2234922	A/A
rs3768142	T/T
rs1805087	A/A
rs1047840	G/G
rs374150125	G/G
rs3219484	C/C
rs4646487	C/T
rs7543016	C/C
rs4492666	NA
rs11211524	NA
rs35687416	G/G
rs1044457	C/C
rs12118636	G/G
rs642990	NA
rs12046844	NA
rs1021737	G/G
rs549438078	T/T
rs12132152	G/G
rs76387818	NA
rs67376798	T/T
rs1801160	C/C
rs72728438	T/C
rs12022243	NA
rs3918290	C/C
rs17376848	A/G
rs55886062	A/A
rs1801159	T/C
rs1801158	C/C
rs56038477	C/C
rs75017182	NA
rs12119882	NA
rs115232898	T/T
rs2297595	T/T
rs115632870	C/C
rs1801265	A/A
rs1127354	C/C
rs7270101	A/A
rs17309872	A/A
rs6072262	G/G
rs2273618	T/C
rs3746574	T/C
rs6130615	C/C
rs446112	NA
rs6021191	NA
rs117532069	NA
rs6064463	NA
rs79085477	NA
rs10485828	G/G
rs2650972	T/C
rs1155463	NA
rs20572	C/C
rs9024	G/G
rs8133052	A/A
rs74743371	NA
rs112783657	C/C
rs9981861	NA
rs225440	NA
rs9977268	C/C
rs1051298	G/A
rs3788189	NA
rs2838958	A/A
rs12659	G/G
rs914232	C/C
rs1051266	C/C
rs4646316	NA
rs9332377	NA
rs4630	A/A
rs5760410	G/G
rs2298383	NA
rs3761422	T/T
rs2267076	T/T
rs2236624	NA
rs1883112	A/A
rs13058338	T/T
rs139887	NA
rs141084494	G/G
rs3892097	C/C
rs2413739	NA
rs738409	C/G
rs11479	G/G
rs3087403	C/C
rs4550690	NA
rs1130609	T/T
rs5030743	C/C
rs1402467	C/C
rs724710	C/C
rs1901440	NA
rs2228014	G/A
rs2075252	T/T
rs2228171	T/T
rs4553808	NA
rs17626122	NA
rs10932125	NA
rs10197559	C/C
rs2372536	C/G
rs16853826	NA
rs4673993	T/C
rs1051685	NA
rs115457081	NA
rs1042597	G/G
rs17868320	C/C
rs549760436;rs3832043	AT/AT
rs11692021	T/T
rs2070959	A/A
rs3732219	C/C
rs3732218	G/G
rs2011425	T/T
rs4124874	T/T
rs10929302	G/G
rs4148323	G/G
rs11563250	NA
rs2291767	T/T
rs1804645	C/C
rs9679162	T/T
rs12613732	NA
rs1056836	G/G
rs1872328	G/G
rs3770102	G/T
rs885036	A/A
rs3814055	T/T
rs10934498	NA
rs6785049	G/A
rs3732359	G/A
rs3732360	C/T
rs3814058	NA
rs2257212	T/T
rs2279199	T/T
rs4678145	G/G
rs1801019	G/G
rs2291078	T/T
rs3772809	A/A
rs3772810	A/A
rs11710163	NA
rs2228001	G/T
rs7624766	NA
rs2699887	C/C
rs870995	NA
rs3749438	A/A
rs10937158	NA
rs2292997	NA
rs11719165	NA
rs3087465	NA
rs9825762	T/T
rs4533622	NA
rs4135385	A/G
rs112242273	NA
rs698	T/T
rs4444903	A/A
rs6822844	NA
rs308395	NA
rs10030044	G/T
rs4604006	C/C
rs12507552	C/C
rs34231037	A/A
rs1870377	T/T
rs2239702	NA
rs2071559	A/A
rs7349683	C/C
rs80143932	C/C
rs2306744	C/C
rs66878317	A/A
rs4694362	NA
rs4073	A/A
rs1126647	NA
rs1353295	A/A
rs13104811	A/A
rs9996584	NA
rs11942466	NA
rs56061981	C/C
rs45605536	C/C
rs4148157	A/A
rs12505410	NA
rs13120400	T/T
rs41282401	C/C
rs2231142	T/T
rs17731538	NA
rs2231137	C/C
rs2725252	NA
rs2231135	A/A
rs7699188	G/G
rs1050152	C/C
rs2631372	NA
rs2631367	G/G
rs274558	G/G
rs1800925	C/C
rs4958381	T/T
rs299293	C/C
rs299313	G/G
rs299314	T/T
rs244898	NA
rs351855	G/A
rs307826	T/T
rs639174	NA
rs17661089	NA
rs726501	NA
rs16886403	C/C
rs924607	NA
rs274717	NA
rs274713	NA
rs10515074	NA
rs4702484	NA
rs1801394	A/G
rs1650723	C/C
rs1643650	NA
rs1105525	C/C
rs1650697	A/G
rs408626	T/T
rs442767	NA
rs2075685	G/G
rs1382368	C/C
rs10040363	NA
rs12210538	A/A
rs723685	A/A
rs6907567	A/G
rs714368	T/C
rs3218592	C/C
rs462779	G/A
rs17574269	A/A
rs5370	G/G
rs9376230	C/C
rs9483947	NA
rs6920220	NA
rs78428806	NA
rs117101815	NA
rs9402944	NA
rs9389568	NA
rs2234693	NA
rs9340799	NA
rs9322335	NA
rs4870061	NA
rs2207396	G/G
rs2813543	A/A
rs544093	NA
rs4880	A/A
rs683369	G/C
rs316019	C/C
rs1142345	T/T
rs1800460	C/C
rs12201199	A/A
rs17839843	G/G
rs3931660	A/A
rs451774	NA
rs371194629	NA
rs17179108	NA
rs9380142	NA
rs1143684	C/T
rs1264457	NA
rs3828913	NA
rs1800629	NA
rs4273729	NA
rs2647087	NA
rs3077	NA
rs6922548	NA
rs7769719	NA
rs1883322	C/C
rs2016520	C/T
rs3734254	NA
rs73748206	NA
rs10948059	C/T
rs3805945	T/T
rs2270860	C/C
rs4149178	A/A
rs699947	NA
rs144854329	NA
rs35864111	NA
rs833061	C/C
rs13207351	A/G
rs1570360	G/G
rs2010963	C/G
rs25648	C/T
rs3025000	C/T
rs3025039	T/T
rs3025040	T/T
rs6900017	C/C
rs9369421	NA
rs879825	NA
rs747199	G/C
rs9394992	T/T
rs760370	G/G
rs992160	NA
rs6901146	T/T
rs3957356	C/C
rs3957357	G/G
rs9351963	NA
rs9345389	NA
rs6092	G/G
rs478437	C/C
rs2070744	NA
rs1799983	G/G
rs1801368	C/T
rs1800795	G/G
rs3750117	G/G
rs2854744	G/T
rs2960436	NA
rs712829	G/G
rs712830	C/C
rs11506105	A/A
rs2227983	A/A
rs10258429	C/C
rs2293347	C/T
rs1057868	C/C
rs7779029	NA
rs1045642	A/G
rs2032582	A/C,T
rs2235040	C/C
rs12720066	A/A
rs4148737	T/C
rs1128503	A/G
rs2229109	C/C
rs10276036	C/T
rs9282564	T/T
rs4728709	NA
rs17160359	NA
rs662	C/C
rs776746	T/T
rs12721627	G/G
rs35599367	G/G
rs2740574	T/T
rs1265138	NA
rs2073618	G/C
rs1801280	T/T
rs1799931	G/G
rs3594	NA
rs9657182	NA
rs11545078	G/G
rs3780126	NA
rs1800909	A/A
rs719235	C/C
rs3758149	G/G
rs141059755	NA
rs1517114	NA
rs10981694	T/T
rs7851395	NA
rs2250242	A/G
rs4986790	A/A
rs1544105	T/T
rs11185647	NA
rs11185648	C/C
rs62576288	G/G
rs2234753	A/A
rs1536475	G/G
rs6413517	T/T
rs10964552	NA
rs6151031	NA
rs7867504	C/C
rs11141915	A/C
rs518329	NA
rs3761548	G/G
rs2227291	G/G
